name,age,city,state,approved,answer_response
annia,20,campo grande,ms,True,"Camp Grande é uma cidade localizada no estado de Mato Grosso do Sul, no Brasil. Alguns lugares turísticos em Campo Grande incluem:
1. Lago do Amor
2. Parque Ecológico do Pantanal
3. Morada dos Baís
4. Museu de Arte Contemporânea
5. Estádio Morenão. Esses locais oferecem uma mistura de natureza, cultura e entretenimento para os visitantes."
Annia,20,Campo Grande,MS,True,"<p>Segue uma lista dos principais lugares turísticos em Campo Grande - MS:
1. Parque das Nações Indígenas: um parque com áreas verdes, lagos e trilhas.
2. Museu de Arte Contemporânea: destaca a arte contemporânea sul-mato-grossense.
3. Centro de Campo Grande: região histórica com arquitetura colonial.
4. Lagoa do Taquaral: local ideal para passeios e contemplação da natureza.
5. Catedral Metropolitana: um exemplo de arquitetura religiosa na cidade.</p>"
annia,20,campo grande,ms,True,"Campo Grande, a capital do Mato Grosso do Sul, é uma cidade que oferece uma variedade de opções turísticas. Aqui estão alguns lugares turísticos em Campo Grande:
1. Parque das Nações Indígenas, um espaço que preserva a cultura e a natureza da região.
2. Lago do Amor, um lago artificial com uma vista paisagística única.
3. Memorial da Cultura Indígena, um local que homenageia a diversidade cultural da região.
4. Catedral deSanta Teresinha, uma bela igreja com arquitetura impressionante.
5. Horto Florestal, um espaço verde com uma variedade de plantas e animais."
Annia,17,São Paulo,SP,False,"São Paulo é uma cidade vibrante e cheia de opções turísticas. Aqui estão alguns lugares imperdíveis:
1. Parque Ibirapuera: um grande parque urbano com lagos, jardins e áreas de lazer.
2. Museu de Arte de São Paulo (MASP): um dos principais museus de arte do Brasil.
3. Avenida Paulista: uma das principais avenidas da cidade, conhecida por suas lojas, restaurantes e vida noturna.
4. Anhangabaú: um vale histórico e cultural no centro da cidade.
5. Mercado Municipal: um mercado tradicional com uma variedade de produtos frescos e culinária local."
Annia,20,Campo Grande,MS,True,"Em Campo Grande, você pode visitar:
1. O Parque das Nações Indígenas, um local que preserva a cultura e a natureza.
2. O Lago do Amor, um lago artificial com paisagens naturais.
3. O Museu de Arte Contemporânea, que abriga exposições de artistas locais e nacionais.
4. O Parque Estadual do Prosa, com áreas de lazer e trilhas para caminhadas.
5. A Praça Ary Coelho, um local histórico e cultural da cidade."
Annia,20,Belo Horizonte,MS,True,"Belo Horizonte não está localizada em Mato Grosso do Sul (MS), mas sim em Minas Gerais (MG). 
Aqui estão algumas opções de lugares turísticos na cidade:
1. Praça da Liberdade
2. Parque Municipal
3. Mercado Central
4. Museu de Arte da Pampulha
5. Mirante do Mangabeiras"
Annia Sebold,20,Campo Grande,MS,True,"Aqui estão os principais lugares turísticos em Campo Grande - MS:
1. **Parque das Nações Indígenas**: um parque com diversas atrações e atividades ao ar livre.
2. **Museu de Arte Contemporânea**: um museu com exposições de arte moderna e contemporânea.
3. **Lago do Amor**: um lago com fontes e iluminação noturna, perfeito para um passeio romântico.
4. **Feriadão**: um parque de diversões com atrações para todas as idades.
5. **Catedral de São Francisco**: uma catedral católica com arquitetura histórica e belas vistas da cidade."
Annia Sebold,20,São Paulo,SP,True,"São Paulo é uma cidade maravilhosa com muitas opções turísticas. Aqui estão alguns lugares imperdíveis:
1. Parque Ibirapuera, um dos maiores parques urbanos do mundo.
2. Museu de Arte de São Paulo (MASP), um dos principais museus de arte do Brasil.
3. Praça da Sé, um local histórico e cultural importante.
4. Anhangabaú, um valo que separa o centro antigo do novo centro da cidade.
5. Mercado Municipal, um local para saborear alimentos frescos e típicos da região."
annia,20,campo grande,ms,True,"Em Campo Grande, MS, existem vários lugares turísticos interessantes para visitar. Aqui estão alguns deles:
1. Parque das Nações Indígenas: um parque que preserva a cultura indígena local.
2. Museu de Arte Moderna: um local que expõe obras de arte contemporânea.
3. Parque Estadual do Prosa: uma área de proteção ambiental com trilhas e paisagens naturais.
4. Catedral Metropolitana: uma bela igreja que é um importante ponto turístico da cidade.
5. Lago das Garças: um lago artificial com opções de lazer e entretenimento."
annia,20,campo grande,ms,True,"Olá! Aqui estão alguns lugares turísticos em Campo Grande, MS:
1. Parque das Nações Indígenas, um local de grande importância cultural e histórica.
2. Lagoa do Jacareí, um espaço de lazer e contemplação da natureza.
3. Museu de Arte Contemporânea, que abriga uma coleção de arte moderna e contemporânea.
4. Catedral Metropolitana, um exemplo de arquitetura religiosa no estado.
5. Parque Estadual do Prosa, uma área de preservação ambiental com trilhas e cachoeiras."
annia,20,campo grande,ms,True,"Campo Grande é a capital do Mato Grosso do Sul, uma cidade com uma rica história e cultura. Aqui estão alguns lugares turísticos em Campo Grande:
1. Parque das Nações Indígenas: um parque que celebra a diversidade cultural dos povos indígenas da região.
2. Memorial da Cultura Indígena: um museu que abriga uma vasta coleção de artefatos e objetos da cultura indígena.
3. Centro de Campo Grande: um local com lojas, restaurantes e pontos de interesse histórico.
4. Lagoa do Sol: uma lagoa artificial com opções de lazer e entretenimento.
5. Museu de Arte Contemporânea: um espaço que exibe obras de artistas locais e nacionais."
annia,19,recife,pe,True,"Recife é uma cidade rica em história e cultura, oferecendo vários lugares turísticos interessantes. Aqui estão alguns dos principais pontos turísticos:
1. Marco Zero, localizado no bairro de São José.
2. Instituto Ricardo Brennand, que abriga um acervo de arte e história.
3. Forte das Cinzas, uma fortificação histórica que remonta ao período colonial.
4. Parque da Jaqueira, um espaço verde com lago e trilhas.
5. Bairro do Recife Antigo, com sua arquitetura colonial e ruas de paralelepípedos."
